ticker,company_name,fiscal_yearquarter,earnings_date,ret_2day_pct
AAON,Aaon,2017Q3,2017-08-03,4.32
AAON,Aaon,2018Q4,2018-11-01,12.30
AAON,Aaon,2019Q2,2019-05-02,2.98
AAON,Aaon,2019Q4,2019-10-31,-1.76
AAON,Aaon,2020Q1,2020-02-27,8.44
AAON,Aaon,2020Q2,2020-05-07,1.06
AAON,Aaon,2021Q4,2021-11-04,1.02
AAON,Aaon,2022Q3,2022-08-08,-2.40
AAON,Aaon,2023Q1,2023-02-27,11.53
AAON,Aaon,2024Q1,2024-02-28,-2.48
AAON,Aaon,2024Q4,2024-11-07,13.76
ABM,ABM Industries Incorporated,2018Q1,2018-03-06,3.19
ABM,ABM Industries Incorporated,2018Q2,2018-06-06,11.31
ABM,ABM Industries Incorporated,2018Q3,2018-09-06,6.39
ABM,ABM Industries Incorporated,2018Q4,2018-12-18,20.22
ABM,ABM Industries Incorporated,2019Q1,2019-03-06,-5.32
ABM,ABM Industries Incorporated,2019Q2,2019-06-05,4.60
ABM,ABM Industries Incorporated,2019Q3,2019-09-05,-4.77
ABM,ABM Industries Incorporated,2019Q4,2019-12-18,4.62
ABM,ABM Industries Incorporated,2020Q1,2020-03-04,2.70
ABM,ABM Industries Incorporated,2020Q2,2020-06-17,14.77
ABM,ABM Industries Incorporated,2020Q3,2020-09-08,1.39
ABM,ABM Industries Incorporated,2020Q4,2020-12-16,-2.11
ABM,ABM Industries Incorporated,2021Q1,2021-03-09,3.71
ABM,ABM Industries Incorporated,2021Q2,2021-06-08,0.07
ABM,ABM Industries Incorporated,2021Q3,2021-09-08,-2.17
ABM,ABM Industries Incorporated,2021Q4,2021-12-15,-10.85
ABM,ABM Industries Incorporated,2022Q1,2022-03-08,0.77
ABM,ABM Industries Incorporated,2022Q2,2022-06-08,-9.97
ABM,ABM Industries Incorporated,2022Q3,2022-09-09,-7.41
ABM,ABM Industries Incorporated,2022Q4,2022-12-13,-3.36
ABM,ABM Industries Incorporated,2023Q1,2023-03-08,-1.81
ABM,ABM Industries Incorporated,2023Q2,2023-06-06,5.99
ABM,ABM Industries Incorporated,2023Q3,2023-09-07,-12.04
ABM,ABM Industries Incorporated,2023Q4,2023-12-13,3.60
ABM,ABM Industries Incorporated,2024Q1,2024-03-07,2.41
ABM,ABM Industries Incorporated,2024Q2,2024-06-06,7.01
ABM,ABM Industries Incorporated,2024Q3,2024-09-06,-10.34
ABM,ABM Industries Incorporated,2024Q4,2024-12-18,-3.57
ABSI,Absci Corporation,2022Q3,2022-08-11,11.91
ACCO,ACCO Brands Corporation,2019Q3,2019-07-30,21.00
ACCO,ACCO Brands Corporation,2019Q4,2019-10-29,-11.47
ACCO,ACCO Brands Corporation,2020Q1,2020-02-11,12.15
ACCO,ACCO Brands Corporation,2021Q1,2021-02-16,-6.00
ACCO,ACCO Brands Corporation,2021Q2,2021-04-27,4.10
ACCO,ACCO Brands Corporation,2022Q1,2022-02-15,6.48
ACCO,ACCO Brands Corporation,2022Q2,2022-04-26,-2.61
ACCO,ACCO Brands Corporation,2023Q1,2023-02-23,-3.02
ACCO,ACCO Brands Corporation,2023Q2,2023-05-04,14.51
ACCO,ACCO Brands Corporation,2024Q1,2024-02-22,-15.02
ACMR,"ACM Research, Inc.",2019Q2,2019-05-07,2.30
ACMR,"ACM Research, Inc.",2019Q3,2019-08-07,10.48
ACMR,"ACM Research, Inc.",2020Q1,2020-03-18,-8.68
ACMR,"ACM Research, Inc.",2022Q4,2022-11-04,33.15
ACMR,"ACM Research, Inc.",2024Q1,2024-02-28,41.36
ACVA,ACV Auctions Inc.,2021Q4,2021-11-10,-3.45
ACVA,ACV Auctions Inc.,2023Q1,2023-02-22,20.10
ADMA,"ADMA Biologics, Inc.",2017Q2,2017-05-12,0.28
ADMA,"ADMA Biologics, Inc.",2017Q4,2017-11-03,-7.05
ADMA,"ADMA Biologics, Inc.",2018Q1,2018-03-05,-1.69
ADMA,"ADMA Biologics, Inc.",2018Q2,2018-05-14,6.34
ADMA,"ADMA Biologics, Inc.",2018Q4,2018-11-08,-7.44
ADMA,"ADMA Biologics, Inc.",2019Q1,2019-03-13,-0.55
ADMA,"ADMA Biologics, Inc.",2019Q2,2019-05-08,8.16
ADMA,"ADMA Biologics, Inc.",2021Q2,2021-05-12,-5.14
ADMA,"ADMA Biologics, Inc.",2023Q2,2023-05-10,13.93
ADMA,"ADMA Biologics, Inc.",2024Q1,2024-02-28,-3.21
ADMA,"ADMA Biologics, Inc.",2024Q3,2024-08-08,35.97
ADT,ADT Inc.,2018Q1,2018-03-15,-14.49
ADT,ADT Inc.,2018Q2,2018-05-09,-9.24
ADT,ADT Inc.,2018Q3,2018-08-08,-7.38
ADT,ADT Inc.,2018Q4,2018-11-07,8.85
ADT,ADT Inc.,2019Q1,2019-03-11,-12.50
ADT,ADT Inc.,2019Q2,2019-05-07,-9.99
ADT,ADT Inc.,2019Q4,2019-11-12,7.86
ADT,ADT Inc.,2020Q1,2020-03-05,-7.88
ADT,ADT Inc.,2020Q2,2020-05-07,-1.04
ADT,ADT Inc.,2020Q3,2020-08-05,-7.04
ADT,ADT Inc.,2020Q4,2020-11-05,2.24
ADT,ADT Inc.,2021Q1,2021-02-25,-23.25
ADT,ADT Inc.,2021Q2,2021-05-05,2.67
ADT,ADT Inc.,2021Q3,2021-08-04,-13.82
ADT,ADT Inc.,2021Q4,2021-11-09,0.88
ADT,ADT Inc.,2022Q1,2022-03-01,7.54
ADT,ADT Inc.,2022Q2,2022-05-05,1.00
ADT,ADT Inc.,2022Q3,2022-08-04,9.80
ADT,ADT Inc.,2022Q4,2022-11-03,2.49
ADT,ADT Inc.,2023Q1,2023-02-28,-2.74
ADT,ADT Inc.,2023Q2,2023-05-02,-19.14
ADT,ADT Inc.,2023Q3,2023-08-08,6.35
ADT,ADT Inc.,2024Q1,2024-02-28,10.80
ADT,ADT Inc.,2024Q2,2024-04-25,0.25
AES,The AES Corporation,2017Q1,2017-02-27,-3.21
AES,The AES Corporation,2017Q2,2017-05-08,0.36
AES,The AES Corporation,2017Q3,2017-08-08,1.77
AES,The AES Corporation,2017Q4,2017-11-02,-1.08
AES,The AES Corporation,2018Q1,2018-02-27,6.43
AES,The AES Corporation,2018Q3,2018-08-07,0.74
AES,The AES Corporation,2018Q4,2018-11-06,0.93
AES,The AES Corporation,2019Q1,2019-02-27,-0.12
AES,The AES Corporation,2019Q2,2019-05-07,-3.22
AES,The AES Corporation,2019Q3,2019-08-06,-5.29
AES,The AES Corporation,2019Q4,2019-11-06,1.95
AES,The AES Corporation,2020Q1,2020-02-28,-3.17
AES,The AES Corporation,2020Q3,2020-08-06,10.92
AES,The AES Corporation,2020Q4,2020-11-06,-1.03
AES,The AES Corporation,2021Q1,2021-02-25,-2.09
AES,The AES Corporation,2021Q3,2021-08-04,3.59
AES,The AES Corporation,2021Q4,2021-11-03,-2.00
AES,The AES Corporation,2022Q2,2022-05-05,-0.06
AES,The AES Corporation,2022Q4,2022-11-04,0.11
AES,The AES Corporation,2023Q1,2023-02-27,-2.61
AES,The AES Corporation,2023Q2,2023-05-04,-0.22
AES,The AES Corporation,2023Q3,2023-08-03,-6.02
AES,The AES Corporation,2023Q4,2023-11-02,9.68
AES,The AES Corporation,2024Q2,2024-05-02,0.57
AES,The AES Corporation,2024Q3,2024-08-01,0.74
AES,The AES Corporation,2024Q4,2024-10-31,-8.20
AGCO,AGCO Corporation,2017Q1,2017-02-07,1.48
AGCO,AGCO Corporation,2017Q3,2017-07-27,0.50
AGCO,AGCO Corporation,2017Q4,2017-10-31,-3.04
AGCO,AGCO Corporation,2018Q1,2018-02-06,-3.19
AGCO,AGCO Corporation,2018Q2,2018-05-01,-5.17
AGCO,AGCO Corporation,2018Q3,2018-07-31,1.78
AGCO,AGCO Corporation,2018Q4,2018-10-30,5.41
AGCO,AGCO Corporation,2019Q1,2019-02-05,-2.45
AGCO,AGCO Corporation,2019Q2,2019-05-02,5.79
AGCO,AGCO Corporation,2019Q3,2019-07-30,2.00
AGCO,AGCO Corporation,2019Q4,2019-10-29,-1.27
AGCO,AGCO Corporation,2020Q1,2020-02-06,-8.43
AGCO,AGCO Corporation,2020Q2,2020-05-05,-2.59
AGCO,AGCO Corporation,2020Q3,2020-07-30,3.35
AGCO,AGCO Corporation,2020Q4,2020-11-03,3.93
AGCO,AGCO Corporation,2022Q1,2022-02-08,10.40
AGCO,AGCO Corporation,2022Q2,2022-05-03,2.22
AGCO,AGCO Corporation,2022Q3,2022-07-28,2.28
AGCO,AGCO Corporation,2022Q4,2022-11-01,-4.29
AGCO,AGCO Corporation,2023Q1,2023-02-07,-0.53
AGCO,AGCO Corporation,2024Q1,2024-02-06,-3.53
AGCO,AGCO Corporation,2024Q2,2024-05-02,-2.44
AGCO,AGCO Corporation,2024Q3,2024-07-30,-8.45
AGCO,AGCO Corporation,2024Q4,2024-11-05,-7.09
AIR,AAR Corp.,2017Q1,2017-03-21,1.78
AIR,AAR Corp.,2017Q4,2017-12-21,-6.77
AIR,AAR Corp.,2018Q1,2018-03-20,1.95
AIR,AAR Corp.,2018Q4,2018-12-18,-0.01
AIR,AAR Corp.,2019Q1,2019-03-19,-5.23
AIR,AAR Corp.,2019Q4,2019-12-19,13.92
AIR,AAR Corp.,2020Q1,2020-03-24,12.85
AIR,AAR Corp.,2020Q4,2020-12-17,2.00
AIR,AAR Corp.,2021Q1,2021-03-23,0.04
AIR,AAR Corp.,2021Q4,2021-12-21,4.43
AIR,AAR Corp.,2022Q1,2022-03-22,9.07
AIR,AAR Corp.,2022Q4,2022-12-20,-4.96
AIR,AAR Corp.,2023Q1,2023-03-21,6.74
AIR,AAR Corp.,2023Q4,2023-12-21,-11.66
AIR,AAR Corp.,2024Q1,2024-03-21,-6.66
AKA,a.k.a. Brands Holding Corp.,2022Q1,2022-03-01,-32.71
AKA,a.k.a. Brands Holding Corp.,2022Q2,2022-05-10,-4.11
AKA,a.k.a. Brands Holding Corp.,2022Q3,2022-08-10,1.92
AKA,a.k.a. Brands Holding Corp.,2022Q4,2022-11-10,9.65
AKA,a.k.a. Brands Holding Corp.,2023Q1,2023-03-09,-35.55
AKA,a.k.a. Brands Holding Corp.,2023Q2,2023-05-10,10.42
AKA,a.k.a. Brands Holding Corp.,2023Q3,2023-08-09,-21.49
AKA,a.k.a. Brands Holding Corp.,2023Q4,2023-11-08,-20.57
AKA,a.k.a. Brands Holding Corp.,2024Q1,2024-03-07,-14.58
AKA,a.k.a. Brands Holding Corp.,2024Q2,2024-05-08,22.94
AKA,a.k.a. Brands Holding Corp.,2024Q3,2024-08-07,7.27
AKA,a.k.a. Brands Holding Corp.,2024Q4,2024-11-07,-1.16
AMC,"AMC Entertainment Holdings, Inc.",2017Q1,2017-02-28,-4.23
AMC,"AMC Entertainment Holdings, Inc.",2017Q2,2017-05-08,-0.51
AMC,"AMC Entertainment Holdings, Inc.",2017Q3,2017-08-04,6.27
AMC,"AMC Entertainment Holdings, Inc.",2017Q4,2017-11-06,3.34
AMC,"AMC Entertainment Holdings, Inc.",2018Q1,2018-03-01,5.57
AMC,"AMC Entertainment Holdings, Inc.",2018Q2,2018-05-07,2.62
AMC,"AMC Entertainment Holdings, Inc.",2018Q3,2018-08-01,1.12
AMC,"AMC Entertainment Holdings, Inc.",2018Q4,2018-11-08,-13.58
AMC,"AMC Entertainment Holdings, Inc.",2019Q2,2019-05-09,-5.76
AMC,"AMC Entertainment Holdings, Inc.",2019Q3,2019-08-08,6.18
AMC,"AMC Entertainment Holdings, Inc.",2019Q4,2019-11-07,-1.27
AMC,"AMC Entertainment Holdings, Inc.",2020Q1,2020-02-27,10.69
AMC,"AMC Entertainment Holdings, Inc.",2020Q2,2020-06-09,-0.86
AMC,"AMC Entertainment Holdings, Inc.",2020Q3,2020-08-06,13.90
AMC,"AMC Entertainment Holdings, Inc.",2021Q1,2021-03-10,-4.12
AMC,"AMC Entertainment Holdings, Inc.",2021Q2,2021-05-06,2.35
AMC,"AMC Entertainment Holdings, Inc.",2021Q3,2021-08-09,-2.94
AMC,"AMC Entertainment Holdings, Inc.",2022Q1,2022-03-01,-1.98
AMC,"AMC Entertainment Holdings, Inc.",2022Q2,2022-05-09,-10.72
AMC,"AMC Entertainment Holdings, Inc.",2022Q3,2022-08-04,21.90
AMC,"AMC Entertainment Holdings, Inc.",2023Q1,2023-02-28,-13.13
AMC,"AMC Entertainment Holdings, Inc.",2023Q3,2023-08-08,-3.19
AMC,"AMC Entertainment Holdings, Inc.",2023Q4,2023-11-08,-13.91
AMC,"AMC Entertainment Holdings, Inc.",2024Q1,2024-02-28,-10.56
AMC,"AMC Entertainment Holdings, Inc.",2024Q2,2024-04-26,-8.84
AMCX,AMC Networks Inc.,2017Q1,2017-02-23,6.05
AMCX,AMC Networks Inc.,2017Q3,2017-08-03,-0.41
AMCX,AMC Networks Inc.,2017Q4,2017-11-02,-7.15
AMCX,AMC Networks Inc.,2018Q2,2018-05-10,6.24
AMCX,AMC Networks Inc.,2018Q3,2018-08-02,-0.95
AMCX,AMC Networks Inc.,2019Q1,2019-02-28,4.08
AMCX,AMC Networks Inc.,2019Q2,2019-05-01,-0.89
AMCX,AMC Networks Inc.,2019Q3,2019-07-31,-0.12
AMCX,AMC Networks Inc.,2020Q2,2020-05-05,0.10
AMCX,AMC Networks Inc.,2020Q3,2020-08-04,-6.37
AMCX,AMC Networks Inc.,2021Q1,2021-02-26,31.38
AMCX,AMC Networks Inc.,2023Q1,2023-02-17,19.70
AMCX,AMC Networks Inc.,2024Q1,2024-02-09,-14.41
AMN,"AMN Healthcare Services, Inc.",2017Q1,2017-02-16,3.90
AMN,"AMN Healthcare Services, Inc.",2017Q2,2017-05-04,-7.33
AMN,"AMN Healthcare Services, Inc.",2017Q3,2017-08-03,1.14
AMN,"AMN Healthcare Services, Inc.",2017Q4,2017-11-02,-3.94
AMN,"AMN Healthcare Services, Inc.",2018Q2,2018-05-03,-22.92
AMN,"AMN Healthcare Services, Inc.",2019Q1,2019-02-14,-13.54
AMN,"AMN Healthcare Services, Inc.",2019Q2,2019-05-02,1.00
AMN,"AMN Healthcare Services, Inc.",2019Q3,2019-08-06,6.30
AMN,"AMN Healthcare Services, Inc.",2019Q4,2019-10-31,-1.16
AMN,"AMN Healthcare Services, Inc.",2022Q2,2022-05-05,-3.78
AMN,"AMN Healthcare Services, Inc.",2022Q3,2022-08-04,1.85
AMN,"AMN Healthcare Services, Inc.",2022Q4,2022-11-03,-8.08
AMN,"AMN Healthcare Services, Inc.",2023Q1,2023-02-16,-2.52
AMN,"AMN Healthcare Services, Inc.",2023Q2,2023-05-04,6.56
AMN,"AMN Healthcare Services, Inc.",2023Q3,2023-08-03,-15.82
AMN,"AMN Healthcare Services, Inc.",2024Q2,2024-05-09,-9.86
AMN,"AMN Healthcare Services, Inc.",2024Q4,2024-11-07,-30.37
ANIP,"ANI Pharmaceuticals, Inc.",2017Q1,2017-03-02,-15.70
ANIP,"ANI Pharmaceuticals, Inc.",2018Q3,2018-08-07,-13.25
ANIP,"ANI Pharmaceuticals, Inc.",2018Q4,2018-11-06,4.58
ANIP,"ANI Pharmaceuticals, Inc.",2019Q1,2019-02-27,7.92
ANIP,"ANI Pharmaceuticals, Inc.",2019Q2,2019-05-09,2.94
ANIP,"ANI Pharmaceuticals, Inc.",2020Q1,2020-02-27,-14.27
ANIP,"ANI Pharmaceuticals, Inc.",2020Q2,2020-05-07,-10.01
ANIP,"ANI Pharmaceuticals, Inc.",2021Q2,2021-05-07,-5.40
ANIP,"ANI Pharmaceuticals, Inc.",2021Q4,2021-11-01,51.21
ANIP,"ANI Pharmaceuticals, Inc.",2022Q1,2022-03-15,-28.34
POWW,Outdoor Holding Company,2021Q2,2021-06-29,14.74
POWW,Outdoor Holding Company,2022Q2,2022-06-29,-4.95
POWW,Outdoor Holding Company,2022Q3,2022-08-15,-20.90
POWW,Outdoor Holding Company,2022Q4,2022-11-14,-25.17
POWW,Outdoor Holding Company,2023Q1,2023-02-14,-12.47
POWW,Outdoor Holding Company,2023Q2,2023-06-14,11.24
POWW,Outdoor Holding Company,2024Q1,2024-02-08,15.28
